<?xml version="1.0"?>
<Quiz xmlns:xsd="http://www.w3.org/2001/XMLSchema" xmlns:xsi="http://www.w3.org/2001/XMLSchema-instance">
  <ListQestions>
    <Question>Назовите крупнейшую планету в нашей Солнечной системе</Question>
    <Answer>Юпитер</Answer>
  </ListQestions>
  <ListQestions>
    <Question>Как иначе называется сейсмическая волна в океане?</Question>
    <Answer>Цунами</Answer>
  </ListQestions>
  <ListQestions>
    <Question>Страх перед каким животным называется арахнофобией?</Question>
    <Answer>Пауки</Answer>
  </ListQestions>
  <ListQestions>
    <Question>Как называется часть человеческого скелета, которая защищает мозг?</Question>
    <Answer>Череп</Answer>
  </ListQestions>
  <ListQestions>
    <Question>Какой знаменитый учёный был удостоен Нобелевской премии 1921 года по физике за свою работу по теоретической физике?</Question>
    <Answer>Энштейн</Answer>
  </ListQestions>
  <ListQestions>
    <Question>Как называется элемент с химическим символом He?</Question>
    <Answer>Гелий</Answer>
  </ListQestions>
  <ListQestions>
    <Question>Как называется крупнейший океан на земле?</Question>
    <Answer>Тихий</Answer>
  </ListQestions>
  <ListQestions>
    <Question>Сколько ног у пауков? (напишите цифру прописью)</Question>
    <Answer>Восемь</Answer>
  </ListQestions>
  <ListQestions>
    <Question>Что измеряется единицей измерения «Кельвин»?</Question>
    <Answer>Температура</Answer>
  </ListQestions>
  <ListQestions>
    <Question>Назовите самую ближайшую планету к Солнцу?</Question>
    <Answer>Меркурий</Answer>
  </ListQestions>
  <ListQestions>
    <Question>Как в Древней Руси называли воина, дружинника?</Question>
    <Answer>Ратник</Answer>
  </ListQestions>
  <ListQestions>
    <Question>Имя предводителя викингов, который с 862 года стал править Русью.</Question>
    <Answer>Рюрик</Answer>
  </ListQestions>
  <ListQestions>
    <Question>Имя русского князя, принявшего смерть от коня своего?</Question>
    <Answer>Олег</Answer>
  </ListQestions>
  <ListQestions>
    <Question>Имя последнего русского царя?</Question>
    <Answer>Николай</Answer>
  </ListQestions>
  <ListQestions>
    <Question>Как звали Князя, который крестил Русь?</Question>
    <Answer>Владимир</Answer>
  </ListQestions>
  <ListQestions>
    <Question>С древних времен до сегодняшних дней — представитель своей страны за границей?</Question>
    <Answer>Посол</Answer>
  </ListQestions>
  <ListQestions>
    <Question>Лыковая обувь русских крестьян на онучах?</Question>
    <Answer>Лапти</Answer>
  </ListQestions>
  <ListQestions>
    <Question>Как назывались Немецкие и шведские рыцари, утонувшие на Чудском озере под тяжестью своих доспехов?</Question>
    <Answer>Крестоносцы</Answer>
  </ListQestions>
  <ListQestions>
    <Question>Самая красивая правительница Египта?</Question>
    <Answer>Клеопатра</Answer>
  </ListQestions>
  <ListQestions>
    <Question>Назовите Фамилию действующего президента России</Question>
    <Answer>Путин</Answer>
  </ListQestions>
  <ListQestions>
    <Question>В какой стране находится музей «Прадо»? </Question>
    <Answer>Испания</Answer>
  </ListQestions>
  <ListQestions>
    <Question>В какой стране находится архитектурный шедевр Тадж-Махал?</Question>
    <Answer>Индия</Answer>
  </ListQestions>
  <ListQestions>
    <Question>Какой московский театр основал Олег Ефремов?</Question>
    <Answer>Современник</Answer>
  </ListQestions>
  <ListQestions>
    <Question>Какой жанр принес всемирную славу Марселю Марсо?</Question>
    <Answer>Пантомима</Answer>
  </ListQestions>
  <ListQestions>
    <Question>Какой вид искусства называют «застывшей музыкой»?</Question>
    <Answer>Архитектура</Answer>
  </ListQestions>
  <ListQestions>
    <Question>Как называется портрет самого себя?</Question>
    <Answer>Автопортрет</Answer>
  </ListQestions>
  <ListQestions>
    <Question>Как называются рисунки в книгах?</Question>
    <Answer>Меркурий</Answer>
  </ListQestions>
  <ListQestions>
    <Question>Как называется небольшая доска, на которой художник смешивает краски?</Question>
    <Answer>Палитра</Answer>
  </ListQestions>
  <ListQestions>
    <Question>Какой инструмент в истории изобразительных искусств самый молодой?</Question>
    <Answer>Фломастера</Answer>
  </ListQestions>
  <ListQestions>
    <Question>Они могут быть мягкие и жесткие, плоские и круглые, короткие и длинные, заостренные и тупые. О чем идет речь?</Question>
    <Answer>Кисти</Answer>
  </ListQestions>
  <ListQestions>
    <Question>Что животным страшнее — холод или голод?</Question>
    <Answer>Голод</Answer>
  </ListQestions>
  <ListQestions>
    <Question>Из чего состоит горб у верблюда?</Question>
    <Answer>Жир</Answer>
  </ListQestions>
  <ListQestions>
    <Question>У какого домашнего животного зубы растут всю жизнь?</Question>
    <Answer>Кролик</Answer>
  </ListQestions>
  <ListQestions>
    <Question>Как называют детеныша овцы и барана?</Question>
    <Answer>Ягнёнок</Answer>
  </ListQestions>
  <ListQestions>
    <Question>Кем в будущем станет головастик?</Question>
    <Answer>Лягушка</Answer>
  </ListQestions>
  <ListQestions>
    <Question>Какое животное больше похоже на человека?</Question>
    <Answer>Обезьяна</Answer>
  </ListQestions>
  <ListQestions>
    <Question>Какие животные спят с открытыми глазами?</Question>
    <Answer>Рыбы</Answer>
  </ListQestions>
  <ListQestions>
    <Question>Как называется самая крупная ящерица?</Question>
    <Answer>Варан</Answer>
  </ListQestions>
  <ListQestions>
    <Question>Царь зверей?</Question>
    <Answer>Лев</Answer>
  </ListQestions>
  <ListQestions>
    <Question>Какое животное считается самым хитрым?</Question>
    <Answer>Лиса</Answer>
  </ListQestions>
  <ListQestions>
    <Question>Какого ученого звания неожиданно для себя удостоился скромный директор детского сада, он же «джентльмен удачи»?</Question>
    <Answer>Доцент</Answer>
  </ListQestions>
  <ListQestions>
    <Question>Какой фильм получил Оскар в 11 номинациях?</Question>
    <Answer>Титаник</Answer>
  </ListQestions>
  <ListQestions>
    <Question>Из какой страны пришла к нам на телевидение первая «мыльная опера» «Рабыня Изаура»?</Question>
    <Answer>Бразилия</Answer>
  </ListQestions>
  <ListQestions>
    <Question>Как называется мультфильм, где маленькие человечки чинят приборы?</Question>
    <Answer>Фиксики</Answer>
  </ListQestions>
  <ListQestions>
    <Question>Как звали героя из мультфильма, который говорил «Ребята, давайте жить дружно?»</Question>
    <Answer>Леопольд</Answer>
  </ListQestions>
  <ListQestions>
    <Question>Самое крупное животное из мультфильма «Ледниковый период»</Question>
    <Answer>Мамонт</Answer>
  </ListQestions>
  <ListQestions>
    <Question>На какой улице жил герой фильма Ирония судьбы или с легким паром?</Question>
    <Answer>Строителей</Answer>
  </ListQestions>
  <ListQestions>
    <Question>Как называется общественное место,, где можно посмотреть новые фильмы?</Question>
    <Answer>Кинотеатр</Answer>
  </ListQestions>
  <ListQestions>
    <Question>Самая популярная еда в кинотеатре?</Question>
    <Answer>Попкорн</Answer>
  </ListQestions>
  <ListQestions>
    <Question>Сколько букв в слове кино?</Question>
    <Answer>Четыре</Answer>
  </ListQestions>
  <ListQestions>
    <Question>Как называется вид спорта, где используется шайба?</Question>
    <Answer>Хоккей</Answer>
  </ListQestions>
  <ListQestions>
    <Question>Начало пути к финишу?</Question>
    <Answer>Старт</Answer>
  </ListQestions>
  <ListQestions>
    <Question>Танцор на льду</Question>
    <Answer>Фигурист</Answer>
  </ListQestions>
  <ListQestions>
    <Question>Спортсмен, который ходит сидя</Question>
    <Answer>Шахматист</Answer>
  </ListQestions>
  <ListQestions>
    <Question>В какой стране прошли первые зимние олимпийские игры?</Question>
    <Answer>Франция</Answer>
  </ListQestions>
  <ListQestions>
    <Question>Самая популярная спортивная обувь</Question>
    <Answer>Кроссовки</Answer>
  </ListQestions>
  <ListQestions>
    <Question>Как называется боксерский мешок, который нужно бить?</Question>
    <Answer>Груша</Answer>
  </ListQestions>
  <ListQestions>
    <Question>Как по-другому называется стиль плавания «баттерфляй»?</Question>
    <Answer>Дельфин</Answer>
  </ListQestions>
  <ListQestions>
    <Question>Сколько букв в слове спорт?</Question>
    <Answer>Пять</Answer>
  </ListQestions>
  <ListQestions>
    <Question>Как называется самый престижный чемпионат по разным видам спорта?</Question>
    <Answer>Олимпиада</Answer>
  </ListQestions>
  <ListQestions>
    <Question>Ребята, давайте жить …?</Question>
    <Answer>Дружно</Answer>
  </ListQestions>
  <ListQestions>
    <Question>Семеро одного не …?</Question>
    <Answer>Ждут</Answer>
  </ListQestions>
  <ListQestions>
    <Question>Семь раз отмерь, один раз …?</Question>
    <Answer>Отрежь</Answer>
  </ListQestions>
  <ListQestions>
    <Question>Хлеб всему …?</Question>
    <Answer>Голова</Answer>
  </ListQestions>
  <ListQestions>
    <Question>Без труда, не выловишь и рыбку из …?</Question>
    <Answer>Пруда</Answer>
  </ListQestions>
  <ListQestions>
    <Question>Сделал дело – гуляй …?</Question>
    <Answer>Смело</Answer>
  </ListQestions>
  <ListQestions>
    <Question>Одна голова хорошо, а две …?</Question>
    <Answer>Лучше</Answer>
  </ListQestions>
  <ListQestions>
    <Question>Хорошо смеется тот, кто смеется …?</Question>
    <Answer>Последним</Answer>
  </ListQestions>
  <ListQestions>
    <Question>Волков бояться – в лес не …?</Question>
    <Answer>Ходить</Answer>
  </ListQestions>
  <ListQestions>
    <Question>Аппетит приходит во время …?</Question>
    <Answer>Еды</Answer>
  </ListQestions>
</Quiz>